file_name,file_extension,file_size,last_modified_date
business_baby,.txt,0,2023-09-21 17:38:14.161975
da,.zip,1395060,2023-09-18 20:33:07.079671
business_1,.txt,849,2020-06-08 15:16:00
business_10,.txt,1586,2020-06-08 15:16:00
business_100,.txt,1051,2020-06-08 15:16:00
business_11,.txt,3495,2020-06-08 15:16:02
business_12,.txt,1667,2020-06-08 15:16:02
business_13,.txt,1704,2020-06-08 15:16:02
business_14,.txt,1599,2020-06-08 15:16:02
business_15,.txt,1393,2020-06-08 15:16:02
business_16,.txt,1797,2020-06-08 15:16:02
business_17,.txt,1542,2020-06-08 15:16:02
business_18,.txt,1350,2020-06-08 15:16:02
business_19,.txt,1286,2020-06-08 15:16:02
business_2,.txt,1636,2020-06-08 15:16:02
business_20,.txt,2196,2020-06-08 15:16:02
business_21,.txt,1631,2020-06-08 15:16:02
business_22,.txt,1002,2020-06-08 15:16:02
business_23,.txt,2082,2020-06-08 15:16:02
business_24,.txt,2774,2020-06-08 15:16:02
business_25,.txt,1621,2020-06-08 15:16:02
business_26,.txt,4603,2020-06-08 15:16:02
business_27,.txt,1991,2020-06-08 15:16:02
business_28,.txt,2445,2020-06-08 15:16:02
business_29,.txt,2527,2020-06-08 15:16:02
business_3,.txt,2076,2020-06-08 15:16:02
business_30,.txt,3854,2020-06-08 15:16:02
business_31,.txt,1764,2020-06-08 15:16:02
business_32,.txt,1711,2020-06-08 15:16:02
business_33,.txt,1933,2020-06-08 15:16:02
business_34,.txt,1379,2020-06-08 15:16:02
business_35,.txt,1205,2020-06-08 15:16:02
business_36,.txt,908,2020-06-08 15:16:02
business_37,.txt,1903,2020-06-08 15:16:02
business_38,.txt,1385,2020-06-08 15:16:02
business_39,.txt,2885,2020-06-08 15:16:02
business_4,.txt,1251,2020-06-08 15:16:02
business_40,.txt,1540,2020-06-08 15:16:02
business_41,.txt,1829,2020-06-08 15:16:02
business_42,.txt,3430,2020-06-08 15:16:02
business_43,.txt,2860,2020-06-08 15:16:02
business_44,.txt,2857,2020-06-08 15:16:02
business_45,.txt,1822,2020-06-08 15:16:02
business_46,.txt,2519,2020-06-08 15:16:02
business_47,.txt,1048,2020-06-08 15:16:02
business_48,.txt,994,2020-06-08 15:16:02
business_49,.txt,4492,2020-06-08 15:16:02
business_5,.txt,1830,2020-06-08 15:16:02
business_50,.txt,2143,2020-06-08 15:16:02
business_51,.txt,5357,2020-06-08 15:16:02
business_52,.txt,1986,2020-06-08 15:16:02
business_53,.txt,2196,2020-06-08 15:16:02
business_54,.txt,1609,2020-06-08 15:16:02
business_55,.txt,1597,2020-06-08 15:16:02
business_56,.txt,2487,2020-06-08 15:16:02
business_57,.txt,1291,2020-06-08 15:16:02
business_58,.txt,2188,2020-06-08 15:16:02
business_59,.txt,915,2020-06-08 15:16:02
business_6,.txt,2148,2020-06-08 15:16:02
business_60,.txt,1657,2020-06-08 15:16:02
business_61,.txt,1990,2020-06-08 15:16:02
business_62,.txt,2376,2020-06-08 15:16:02
business_63,.txt,1780,2020-06-08 15:16:02
business_64,.txt,1478,2020-06-08 15:16:02
business_65,.txt,2545,2020-06-08 15:16:02
business_66,.txt,4048,2020-06-08 15:16:02
business_67,.txt,1167,2020-06-08 15:16:02
business_68,.txt,1103,2020-06-08 15:16:02
business_69,.txt,2130,2020-06-08 15:16:02
business_7,.txt,1950,2020-06-08 15:16:02
business_70,.txt,1393,2020-06-08 15:16:02
business_71,.txt,1514,2020-06-08 15:16:02
business_72,.txt,1517,2020-06-08 15:16:02
business_73,.txt,2462,2020-06-08 15:16:02
business_74,.txt,1370,2020-06-08 15:16:02
business_75,.txt,2010,2020-06-08 15:16:02
business_76,.txt,1118,2020-06-08 15:16:02
business_77,.txt,2157,2020-06-08 15:16:02
business_78,.txt,2412,2020-06-08 15:16:02
business_79,.txt,1811,2020-06-08 15:16:02
business_8,.txt,1558,2020-06-08 15:16:02
business_80,.txt,1575,2020-06-08 15:16:02
business_81,.txt,2902,2020-06-08 15:16:02
business_82,.txt,2196,2020-06-08 15:16:02
business_83,.txt,1602,2020-06-08 15:16:02
business_84,.txt,1399,2020-06-08 15:16:02
business_85,.txt,1785,2020-06-08 15:16:02
business_86,.txt,3413,2020-06-08 15:16:02
business_87,.txt,1714,2020-06-08 15:16:02
business_88,.txt,1202,2020-06-08 15:16:02
business_89,.txt,2401,2020-06-08 15:16:02
business_9,.txt,912,2020-06-08 15:16:02
business_90,.txt,1377,2020-06-08 15:16:02
business_91,.txt,2434,2020-06-08 15:16:02
business_92,.txt,2428,2020-06-08 15:16:02
business_93,.txt,2015,2020-06-08 15:16:02
business_94,.txt,1917,2020-06-08 15:16:02
business_95,.txt,2089,2020-06-08 15:16:02
business_96,.txt,1828,2020-06-08 15:16:02
business_97,.txt,2014,2020-06-08 15:16:02
business_98,.txt,1840,2020-06-08 15:16:02
business_99,.txt,1730,2020-06-08 15:16:02
entertainment_1,.txt,1946,2020-06-08 15:16:02
entertainment_10,.txt,1827,2020-06-08 15:16:02
entertainment_100,.txt,1251,2020-06-08 15:16:02
entertainment_11,.txt,2000,2020-06-08 15:16:02
entertainment_12,.txt,1060,2020-06-08 15:16:02
entertainment_13,.txt,1497,2020-06-08 15:16:02
entertainment_14,.txt,1450,2020-06-08 15:16:02
entertainment_15,.txt,950,2020-06-08 15:16:02
entertainment_16,.txt,1171,2020-06-08 15:16:02
entertainment_17,.txt,2298,2020-06-08 15:16:02
entertainment_18,.txt,1530,2020-06-08 15:16:02
entertainment_19,.txt,1409,2020-06-08 15:16:02
entertainment_2,.txt,1338,2020-06-08 15:16:02
entertainment_20,.txt,1269,2020-06-08 15:16:02
entertainment_21,.txt,1266,2020-06-08 15:16:02
entertainment_22,.txt,1166,2020-06-08 15:16:02
entertainment_23,.txt,935,2020-06-08 15:16:02
entertainment_24,.txt,1466,2020-06-08 15:16:02
entertainment_25,.txt,2578,2020-06-08 15:16:02
entertainment_26,.txt,1065,2020-06-08 15:16:02
entertainment_27,.txt,1460,2020-06-08 15:16:02
entertainment_28,.txt,3289,2020-06-08 15:16:02
entertainment_29,.txt,1343,2020-06-08 15:16:02
entertainment_3,.txt,1354,2020-06-08 15:16:02
entertainment_30,.txt,1783,2020-06-08 15:16:02
entertainment_31,.txt,1503,2020-06-08 15:16:02
entertainment_32,.txt,947,2020-06-08 15:16:02
entertainment_33,.txt,1497,2020-06-08 15:16:02
entertainment_34,.txt,1179,2020-06-08 15:16:02
entertainment_35,.txt,1649,2020-06-08 15:16:02
entertainment_36,.txt,2520,2020-06-08 15:16:02
entertainment_37,.txt,1345,2020-06-08 15:16:02
entertainment_38,.txt,1646,2020-06-08 15:16:02
entertainment_39,.txt,1279,2020-06-08 15:16:02
entertainment_4,.txt,1238,2020-06-08 15:16:02
entertainment_40,.txt,1838,2020-06-08 15:16:02
entertainment_41,.txt,1787,2020-06-08 15:16:02
entertainment_42,.txt,2306,2020-06-08 15:16:02
entertainment_43,.txt,1306,2020-06-08 15:16:02
entertainment_44,.txt,1228,2020-06-08 15:16:02
entertainment_45,.txt,1421,2020-06-08 15:16:02
entertainment_46,.txt,1143,2020-06-08 15:16:02
entertainment_47,.txt,1081,2020-06-08 15:16:02
entertainment_48,.txt,1787,2020-06-08 15:16:02
entertainment_49,.txt,3926,2020-06-08 15:16:02
entertainment_5,.txt,1273,2020-06-08 15:16:02
entertainment_50,.txt,1577,2020-06-08 15:16:02
entertainment_51,.txt,4497,2020-06-08 15:16:02
entertainment_52,.txt,1324,2020-06-08 15:16:02
entertainment_53,.txt,3114,2020-06-08 15:16:02
entertainment_54,.txt,1650,2020-06-08 15:16:02
entertainment_55,.txt,1738,2020-06-08 15:16:02
entertainment_56,.txt,1119,2020-06-08 15:16:02
entertainment_57,.txt,1318,2020-06-08 15:16:02
entertainment_58,.txt,1447,2020-06-08 15:16:02
entertainment_59,.txt,1081,2020-06-08 15:16:02
entertainment_6,.txt,1457,2020-06-08 15:16:02
entertainment_60,.txt,1353,2020-06-08 15:16:02
entertainment_61,.txt,1773,2020-06-08 15:16:02
entertainment_62,.txt,956,2020-06-08 15:16:02
entertainment_63,.txt,1361,2020-06-08 15:16:02
entertainment_64,.txt,3578,2020-06-08 15:16:02
entertainment_65,.txt,1876,2020-06-08 15:16:02
entertainment_66,.txt,1526,2020-06-08 15:16:02
entertainment_67,.txt,3092,2020-06-08 15:16:02
entertainment_68,.txt,969,2020-06-08 15:16:02
entertainment_69,.txt,1314,2020-06-08 15:16:02
entertainment_7,.txt,2636,2020-06-08 15:16:02
entertainment_70,.txt,2697,2020-06-08 15:16:02
entertainment_71,.txt,3802,2020-06-08 15:16:02
entertainment_72,.txt,1468,2020-06-08 15:16:02
entertainment_73,.txt,1303,2020-06-08 15:16:02
entertainment_74,.txt,1228,2020-06-08 15:16:02
entertainment_75,.txt,1077,2020-06-08 15:16:02
entertainment_76,.txt,1692,2020-06-08 15:16:02
entertainment_77,.txt,1601,2020-06-08 15:16:02
entertainment_78,.txt,1275,2020-06-08 15:16:02
entertainment_79,.txt,1258,2020-06-08 15:16:02
entertainment_8,.txt,1209,2020-06-08 15:16:02
entertainment_80,.txt,1923,2020-06-08 15:16:02
entertainment_81,.txt,1364,2020-06-08 15:16:02
entertainment_82,.txt,1338,2020-06-08 15:16:02
entertainment_83,.txt,1396,2020-06-08 15:16:02
entertainment_84,.txt,2228,2020-06-08 15:16:02
entertainment_85,.txt,1377,2020-06-08 15:16:02
entertainment_86,.txt,1603,2020-06-08 15:16:02
entertainment_87,.txt,1235,2020-06-08 15:16:02
entertainment_88,.txt,2791,2020-06-08 15:16:02
entertainment_89,.txt,2533,2020-06-08 15:16:02
entertainment_9,.txt,1051,2020-06-08 15:16:02
entertainment_90,.txt,1510,2020-06-08 15:16:02
entertainment_91,.txt,1750,2020-06-08 15:16:02
entertainment_92,.txt,2613,2020-06-08 15:16:02
entertainment_93,.txt,1996,2020-06-08 15:16:02
entertainment_94,.txt,1556,2020-06-08 15:16:02
entertainment_95,.txt,2988,2020-06-08 15:16:02
entertainment_96,.txt,1644,2020-06-08 15:16:02
entertainment_97,.txt,1184,2020-06-08 15:16:02
entertainment_98,.txt,1980,2020-06-08 15:16:02
entertainment_99,.txt,1131,2020-06-08 15:16:02
food_1,.txt,1760,2020-06-08 15:16:02
food_10,.txt,1488,2020-06-08 15:16:02
food_100,.txt,1499,2020-06-08 15:16:02
food_11,.txt,1270,2020-06-08 15:16:02
food_12,.txt,2800,2020-06-08 15:16:02
food_13,.txt,996,2020-06-08 15:16:02
food_14,.txt,1336,2020-06-08 15:16:02
food_15,.txt,1504,2020-06-08 15:16:02
food_16,.txt,1784,2020-06-08 15:16:02
food_17,.txt,1586,2020-06-08 15:16:02
food_18,.txt,1517,2020-06-08 15:16:02
food_19,.txt,1076,2020-06-08 15:16:02
food_2,.txt,1256,2020-06-08 15:16:02
food_20,.txt,1280,2020-06-08 15:16:02
food_21,.txt,1176,2020-06-08 15:16:02
food_22,.txt,1834,2020-06-08 15:16:02
food_23,.txt,1051,2020-06-08 15:16:02
food_24,.txt,1037,2020-06-08 15:16:02
food_25,.txt,1395,2020-06-08 15:16:02
food_26,.txt,791,2020-06-08 15:16:02
food_27,.txt,838,2020-06-08 15:16:02
food_28,.txt,1094,2020-06-08 15:16:02
food_29,.txt,1004,2020-06-08 15:16:02
food_3,.txt,1791,2020-06-08 15:16:02
food_30,.txt,1737,2020-06-08 15:16:02
food_31,.txt,1996,2020-06-08 15:16:02
food_32,.txt,718,2020-06-08 15:16:02
food_33,.txt,991,2020-06-08 15:16:02
food_34,.txt,1131,2020-06-08 15:16:02
food_35,.txt,873,2020-06-08 15:16:02
food_36,.txt,1066,2020-06-08 15:16:02
food_37,.txt,1371,2020-06-08 15:16:02
food_38,.txt,1450,2020-06-08 15:16:02
food_39,.txt,1013,2020-06-08 15:16:02
food_4,.txt,1455,2020-06-08 15:16:02
food_40,.txt,1179,2020-06-08 15:16:02
food_41,.txt,784,2020-06-08 15:16:02
food_42,.txt,977,2020-06-08 15:16:02
food_43,.txt,912,2020-06-08 15:16:02
food_44,.txt,888,2020-06-08 15:16:02
food_45,.txt,1315,2020-06-08 15:16:02
food_46,.txt,875,2020-06-08 15:16:02
food_47,.txt,1588,2020-06-08 15:16:02
food_48,.txt,1601,2020-06-08 15:16:02
food_49,.txt,1580,2020-06-08 15:16:02
food_5,.txt,903,2020-06-08 15:16:02
food_50,.txt,1166,2020-06-08 15:16:02
food_51,.txt,1279,2020-06-08 15:16:02
food_52,.txt,973,2020-06-08 15:16:02
food_53,.txt,1088,2020-06-08 15:16:02
food_54,.txt,908,2020-06-08 15:16:02
food_55,.txt,1547,2020-06-08 15:16:02
food_56,.txt,1461,2020-06-08 15:16:02
food_57,.txt,1033,2020-06-08 15:16:02
food_58,.txt,1522,2020-06-08 15:16:02
food_59,.txt,1130,2020-06-08 15:16:02
food_6,.txt,1459,2020-06-08 15:16:02
food_60,.txt,906,2020-06-08 15:16:02
food_61,.txt,1488,2020-06-08 15:16:02
food_62,.txt,1928,2020-06-08 15:16:02
food_63,.txt,2209,2020-06-08 15:16:02
food_64,.txt,1748,2020-06-08 15:16:02
food_65,.txt,1295,2020-06-08 15:16:02
food_66,.txt,1251,2020-06-08 15:16:02
food_67,.txt,1785,2020-06-08 15:16:02
food_68,.txt,1418,2020-06-08 15:16:02
food_69,.txt,1095,2020-06-08 15:16:02
food_7,.txt,1450,2020-06-08 15:16:02
food_70,.txt,2383,2020-06-08 15:16:02
food_71,.txt,1519,2020-06-08 15:16:02
food_72,.txt,1783,2020-06-08 15:16:02
food_73,.txt,723,2020-06-08 15:16:02
food_74,.txt,1451,2020-06-08 15:16:02
food_75,.txt,1653,2020-06-08 15:16:02
food_76,.txt,1591,2020-06-08 15:16:02
food_77,.txt,1113,2020-06-08 15:16:02
food_78,.txt,919,2020-06-08 15:16:02
food_79,.txt,1223,2020-06-08 15:16:02
food_8,.txt,2286,2020-06-08 15:16:02
food_80,.txt,1556,2020-06-08 15:16:02
food_81,.txt,1606,2020-06-08 15:16:02
food_82,.txt,2271,2020-06-08 15:16:02
food_83,.txt,1706,2020-06-08 15:16:02
food_84,.txt,1666,2020-06-08 15:16:02
food_85,.txt,1480,2020-06-08 15:16:02
food_86,.txt,3641,2020-06-08 15:16:02
food_87,.txt,2691,2020-06-08 15:16:02
food_88,.txt,2027,2020-06-08 15:16:02
food_89,.txt,2392,2020-06-08 15:16:02
food_9,.txt,1206,2020-06-08 15:16:02
food_90,.txt,2512,2020-06-08 15:16:02
food_91,.txt,2147,2020-06-08 15:16:02
food_92,.txt,1447,2020-06-08 15:16:02
food_93,.txt,1132,2020-06-08 15:16:02
food_94,.txt,1297,2020-06-08 15:16:02
food_95,.txt,1341,2020-06-08 15:16:02
food_96,.txt,2047,2020-06-08 15:16:02
food_97,.txt,1767,2020-06-08 15:16:02
food_98,.txt,1481,2020-06-08 15:16:02
food_99,.txt,1736,2020-06-08 15:16:02
graphics_1,.txt,2196,2020-06-08 15:16:02
graphics_10,.txt,771,2020-06-08 15:16:02
graphics_100,.txt,543,2020-06-08 15:16:02
graphics_11,.txt,2319,2020-06-08 15:16:02
graphics_12,.txt,765,2020-06-08 15:16:02
graphics_13,.txt,811,2020-06-08 15:16:02
graphics_14,.txt,595,2020-06-08 15:16:02
graphics_15,.txt,1718,2020-06-08 15:16:02
graphics_16,.txt,1663,2020-06-08 15:16:02
graphics_17,.txt,1323,2020-06-08 15:16:02
graphics_18,.txt,295,2020-06-08 15:16:02
graphics_19,.txt,611,2020-06-08 15:16:02
graphics_2,.txt,1315,2020-06-08 15:16:02
graphics_20,.txt,1563,2020-06-08 15:16:02
graphics_21,.txt,782,2020-06-08 15:16:02
graphics_22,.txt,280,2020-06-08 15:16:02
graphics_23,.txt,462,2020-06-08 15:16:02
graphics_24,.txt,1735,2020-06-08 15:16:02
graphics_25,.txt,170,2020-06-08 15:16:02
graphics_26,.txt,1510,2020-06-08 15:16:02
graphics_27,.txt,1319,2020-06-08 15:16:02
graphics_28,.txt,1397,2020-06-08 15:16:02
graphics_29,.txt,2708,2020-06-08 15:16:02
graphics_3,.txt,1546,2020-06-08 15:16:02
graphics_30,.txt,860,2020-06-08 15:16:02
graphics_31,.txt,401,2020-06-08 15:16:02
graphics_32,.txt,1055,2020-06-08 15:16:02
graphics_33,.txt,1716,2020-06-08 15:16:02
graphics_34,.txt,537,2020-06-08 15:16:02
graphics_35,.txt,2158,2020-06-08 15:16:02
graphics_36,.txt,1000,2020-06-08 15:16:02
graphics_37,.txt,1765,2020-06-08 15:16:02
graphics_38,.txt,1552,2020-06-08 15:16:02
graphics_39,.txt,1543,2020-06-08 15:16:02
graphics_4,.txt,769,2020-06-08 15:16:02
graphics_40,.txt,2201,2020-06-08 15:16:02
graphics_41,.txt,1183,2020-06-08 15:16:02
graphics_42,.txt,1704,2020-06-08 15:16:02
graphics_43,.txt,339,2020-06-08 15:16:02
graphics_44,.txt,2459,2020-06-08 15:16:02
graphics_45,.txt,1078,2020-06-08 15:16:02
graphics_46,.txt,364,2020-06-08 15:16:02
graphics_47,.txt,1570,2020-06-08 15:16:02
graphics_48,.txt,645,2020-06-08 15:16:02
graphics_49,.txt,948,2020-06-08 15:16:02
graphics_5,.txt,500,2020-06-08 15:16:02
graphics_50,.txt,1500,2020-06-08 15:16:02
graphics_51,.txt,380,2020-06-08 15:16:02
graphics_52,.txt,8899,2020-06-08 15:16:02
graphics_53,.txt,675,2020-06-08 15:16:02
graphics_54,.txt,1611,2020-06-08 15:16:02
graphics_55,.txt,2390,2020-06-08 15:16:02
graphics_56,.txt,856,2020-06-08 15:16:02
graphics_57,.txt,615,2020-06-08 15:16:02
graphics_58,.txt,966,2020-06-08 15:16:02
graphics_59,.txt,768,2020-06-08 15:16:02
graphics_6,.txt,1110,2020-06-08 15:16:02
graphics_60,.txt,421,2020-06-08 15:16:02
graphics_61,.txt,420,2020-06-08 15:16:02
graphics_62,.txt,1725,2020-06-08 15:16:02
graphics_63,.txt,1663,2020-06-08 15:16:02
graphics_64,.txt,1310,2020-06-08 15:16:02
graphics_65,.txt,1068,2020-06-08 15:16:02
graphics_66,.txt,2744,2020-06-08 15:16:02
graphics_67,.txt,1112,2020-06-08 15:16:02
graphics_68,.txt,3141,2020-06-08 15:16:02
graphics_69,.txt,1934,2020-06-08 15:16:02
graphics_7,.txt,335,2020-06-08 15:16:02
graphics_70,.txt,1330,2020-06-08 15:16:02
graphics_71,.txt,129,2020-06-08 15:16:02
graphics_72,.txt,1044,2020-06-08 15:16:02
graphics_73,.txt,974,2020-06-08 15:16:02
graphics_74,.txt,55227,2020-06-08 15:16:02
graphics_75,.txt,273,2020-06-08 15:16:02
graphics_76,.txt,608,2020-06-08 15:16:02
graphics_77,.txt,2626,2020-06-08 15:16:02
graphics_78,.txt,1291,2020-06-08 15:16:02
graphics_79,.txt,1864,2020-06-08 15:16:02
graphics_8,.txt,1005,2020-06-08 15:16:02
graphics_80,.txt,1487,2020-06-08 15:16:02
graphics_81,.txt,666,2020-06-08 15:16:02
graphics_82,.txt,2109,2020-06-08 15:16:02
graphics_83,.txt,2642,2020-06-08 15:16:02
graphics_84,.txt,1342,2020-06-08 15:16:02
graphics_85,.txt,4618,2020-06-08 15:16:02
graphics_86,.txt,725,2020-06-08 15:16:02
graphics_87,.txt,1660,2020-06-08 15:16:02
graphics_88,.txt,5340,2020-06-08 15:16:02
graphics_89,.txt,1042,2020-06-08 15:16:02
graphics_9,.txt,1447,2020-06-08 15:16:02
graphics_90,.txt,1145,2020-06-08 15:16:02
graphics_91,.txt,2940,2020-06-08 15:16:02
graphics_92,.txt,839,2020-06-08 15:16:02
graphics_93,.txt,2415,2020-06-08 15:16:02
graphics_94,.txt,575,2020-06-08 15:16:02
graphics_95,.txt,1434,2020-06-08 15:16:02
graphics_96,.txt,153,2020-06-08 15:16:02
graphics_97,.txt,5707,2020-06-08 15:16:02
graphics_98,.txt,1737,2020-06-08 15:16:02
graphics_99,.txt,739,2020-06-08 15:16:02
historical_1,.txt,5809,2020-06-08 15:16:02
historical_10,.txt,1269,2020-06-08 15:16:02
historical_100,.txt,5123,2020-06-08 15:16:02
historical_11,.txt,1045,2020-06-08 15:16:02
historical_12,.txt,890,2020-06-08 15:16:02
historical_13,.txt,685,2020-06-08 15:16:02
historical_14,.txt,1232,2020-06-08 15:16:02
historical_15,.txt,11879,2020-06-08 15:16:02
historical_16,.txt,6074,2020-06-08 15:16:02
historical_17,.txt,896,2020-06-08 15:16:02
historical_18,.txt,1215,2020-06-08 15:16:02
historical_19,.txt,851,2020-06-08 15:16:02
historical_2,.txt,6471,2020-06-08 15:16:02
historical_20,.txt,518,2020-06-08 15:16:02
historical_21,.txt,895,2020-06-08 15:16:02
historical_22,.txt,1110,2020-06-08 15:16:02
historical_23,.txt,1017,2020-06-08 15:16:02
historical_24,.txt,665,2020-06-08 15:16:02
historical_25,.txt,864,2020-06-08 15:16:02
historical_26,.txt,517,2020-06-08 15:16:02
historical_27,.txt,963,2020-06-08 15:16:02
historical_28,.txt,2231,2020-06-08 15:16:02
historical_29,.txt,7258,2020-06-08 15:16:02
historical_3,.txt,6787,2020-06-08 15:16:02
historical_30,.txt,3942,2020-06-08 15:16:02
historical_31,.txt,2539,2020-06-08 15:16:02
historical_32,.txt,1763,2020-06-08 15:16:02
historical_33,.txt,13880,2020-06-08 15:16:02
historical_34,.txt,10941,2020-06-08 15:16:02
historical_35,.txt,9779,2020-06-08 15:16:02
historical_36,.txt,3075,2020-06-08 15:16:02
historical_37,.txt,6715,2020-06-08 15:16:02
historical_38,.txt,9158,2020-06-08 15:16:02
historical_39,.txt,9756,2020-06-08 15:16:02
historical_4,.txt,7143,2020-06-08 15:16:02
historical_40,.txt,8047,2020-06-08 15:16:02
historical_41,.txt,15055,2020-06-08 15:16:02
historical_42,.txt,15464,2020-06-08 15:16:02
historical_43,.txt,3757,2020-06-08 15:16:02
historical_44,.txt,3208,2020-06-08 15:16:02
historical_45,.txt,2965,2020-06-08 15:16:02
historical_46,.txt,1978,2020-06-08 15:16:02
historical_47,.txt,2674,2020-06-08 15:16:02
historical_48,.txt,4536,2020-06-08 15:16:02
historical_49,.txt,16896,2020-06-08 15:16:02
historical_5,.txt,1484,2020-06-08 15:16:02
historical_50,.txt,13621,2020-06-08 15:16:02
historical_51,.txt,2647,2020-06-08 15:16:02
historical_52,.txt,7953,2020-06-08 15:16:02
historical_53,.txt,6910,2020-06-08 15:16:02
historical_54,.txt,2764,2020-06-08 15:16:02
historical_55,.txt,3328,2020-06-08 15:16:02
historical_56,.txt,1814,2020-06-08 15:16:02
historical_57,.txt,9944,2020-06-08 15:16:02
historical_58,.txt,10740,2020-06-08 15:16:02
historical_59,.txt,1527,2020-06-08 15:16:02
historical_6,.txt,3695,2020-06-08 15:16:02
historical_60,.txt,5101,2020-06-08 15:16:02
historical_61,.txt,7451,2020-06-08 15:16:02
historical_62,.txt,9115,2020-06-08 15:16:02
historical_63,.txt,826,2020-06-08 15:16:02
historical_64,.txt,19456,2020-06-08 15:16:02
historical_65,.txt,6796,2020-06-08 15:16:02
historical_66,.txt,3214,2020-06-08 15:16:02
historical_67,.txt,2071,2020-06-08 15:16:02
historical_68,.txt,6618,2020-06-08 15:16:02
historical_69,.txt,1335,2020-06-08 15:16:02
historical_7,.txt,2082,2020-06-08 15:16:02
historical_70,.txt,2725,2020-06-08 15:16:02
historical_71,.txt,5488,2020-06-08 15:16:02
historical_72,.txt,6517,2020-06-08 15:16:02
historical_73,.txt,3125,2020-06-08 15:16:02
historical_74,.txt,8318,2020-06-08 15:16:02
historical_75,.txt,1048,2020-06-08 15:16:02
historical_76,.txt,4979,2020-06-08 15:16:02
historical_77,.txt,7000,2020-06-08 15:16:02
historical_78,.txt,11334,2020-06-08 15:16:02
historical_79,.txt,5060,2020-06-08 15:16:02
historical_8,.txt,935,2020-06-08 15:16:02
historical_80,.txt,1516,2020-06-08 15:16:02
historical_81,.txt,7282,2020-06-08 15:16:02
historical_82,.txt,8079,2020-06-08 15:16:02
historical_83,.txt,4413,2020-06-08 15:16:02
historical_84,.txt,893,2020-06-08 15:16:02
historical_85,.txt,5187,2020-06-08 15:16:02
historical_86,.txt,11761,2020-06-08 15:16:02
historical_87,.txt,6381,2020-06-08 15:16:02
historical_88,.txt,10525,2020-06-08 15:16:02
historical_89,.txt,6368,2020-06-08 15:16:02
historical_9,.txt,2422,2020-06-08 15:16:02
historical_90,.txt,8610,2020-06-08 15:16:02
historical_91,.txt,13365,2020-06-08 15:16:02
historical_92,.txt,4448,2020-06-08 15:16:02
historical_93,.txt,5660,2020-06-08 15:16:02
historical_94,.txt,4474,2020-06-08 15:16:02
historical_95,.txt,9365,2020-06-08 15:16:02
historical_96,.txt,6832,2020-06-08 15:16:02
historical_97,.txt,1033,2020-06-08 15:16:02
historical_98,.txt,2984,2020-06-08 15:16:02
historical_99,.txt,1787,2020-06-08 15:16:02
medical_1,.txt,1317,2020-06-08 15:16:02
medical_102,.txt,796,2020-06-08 15:16:02
medical_103,.txt,923,2020-06-08 15:16:02
medical_121,.txt,887,2020-06-08 15:16:02
medical_13,.txt,662,2020-06-08 15:16:02
medical_134,.txt,638,2020-06-08 15:16:02
medical_137,.txt,1275,2020-06-08 15:16:02
medical_145,.txt,872,2020-06-08 15:16:02
medical_15,.txt,354,2020-06-08 15:16:02
medical_152,.txt,912,2020-06-08 15:16:02
medical_157,.txt,389,2020-06-08 15:16:02
medical_158,.txt,540,2020-06-08 15:16:02
medical_168,.txt,720,2020-06-08 15:16:02
medical_176,.txt,1391,2020-06-08 15:16:02
medical_186,.txt,990,2020-06-08 15:16:02
medical_188,.txt,367,2020-06-08 15:16:02
medical_244,.txt,1569,2020-06-08 15:16:02
medical_246,.txt,1281,2020-06-08 15:16:02
medical_248,.txt,782,2020-06-08 15:16:02
medical_250,.txt,1075,2020-06-08 15:16:02
medical_278,.txt,886,2020-06-08 15:16:02
medical_285,.txt,1560,2020-06-08 15:16:02
medical_286,.txt,671,2020-06-08 15:16:02
medical_289,.txt,2712,2020-06-08 15:16:02
medical_292,.txt,354,2020-06-08 15:16:02
medical_294,.txt,968,2020-06-08 15:16:02
medical_295,.txt,2081,2020-06-08 15:16:02
medical_300,.txt,964,2020-06-08 15:16:02
medical_308,.txt,1245,2020-06-08 15:16:02
medical_314,.txt,1773,2020-06-08 15:16:02
medical_318,.txt,886,2020-06-08 15:16:02
medical_319,.txt,1251,2020-06-08 15:16:02
medical_322,.txt,249,2020-06-08 15:16:02
medical_327,.txt,1431,2020-06-08 15:16:02
medical_329,.txt,1874,2020-06-08 15:16:02
medical_334,.txt,988,2020-06-08 15:16:02
medical_335,.txt,1221,2020-06-08 15:16:02
medical_346,.txt,925,2020-06-08 15:16:02
medical_349,.txt,1496,2020-06-08 15:16:02
medical_360,.txt,627,2020-06-08 15:16:02
medical_364,.txt,1153,2020-06-08 15:16:02
medical_376,.txt,976,2020-06-08 15:16:02
medical_382,.txt,9333,2020-06-08 15:16:02
medical_384,.txt,586,2020-06-08 15:16:02
medical_385,.txt,870,2020-06-08 15:16:02
medical_40,.txt,893,2020-06-08 15:16:02
medical_401,.txt,1370,2020-06-08 15:16:02
medical_406,.txt,5298,2020-06-08 15:16:02
medical_41,.txt,799,2020-06-08 15:16:02
medical_413,.txt,1015,2020-06-08 15:16:02
medical_424,.txt,999,2020-06-08 15:16:02
medical_425,.txt,1181,2020-06-08 15:16:02
medical_437,.txt,786,2020-06-08 15:16:02
medical_438,.txt,2761,2020-06-08 15:16:02
medical_448,.txt,431,2020-06-08 15:16:02
medical_449,.txt,1327,2020-06-08 15:16:02
medical_458,.txt,713,2020-06-08 15:16:02
medical_466,.txt,1489,2020-06-08 15:16:02
medical_468,.txt,854,2020-06-08 15:16:02
medical_485,.txt,28645,2020-06-08 15:16:02
medical_487,.txt,31952,2020-06-08 15:16:02
medical_488,.txt,23024,2020-06-08 15:16:02
medical_499,.txt,1544,2020-06-08 15:16:02
medical_500,.txt,3165,2020-06-08 15:16:02
medical_529,.txt,1262,2020-06-08 15:16:02
medical_531,.txt,652,2020-06-08 15:16:02
medical_534,.txt,712,2020-06-08 15:16:02
medical_542,.txt,1678,2020-06-08 15:16:02
medical_557,.txt,1215,2020-06-08 15:16:02
medical_559,.txt,197,2020-06-08 15:16:02
medical_560,.txt,2418,2020-06-08 15:16:02
medical_564,.txt,2372,2020-06-08 15:16:02
medical_565,.txt,941,2020-06-08 15:16:02
medical_572,.txt,839,2020-06-08 15:16:02
medical_579,.txt,715,2020-06-08 15:16:02
medical_58,.txt,1011,2020-06-08 15:16:02
medical_584,.txt,567,2020-06-08 15:16:02
medical_586,.txt,3715,2020-06-08 15:16:02
medical_590,.txt,1319,2020-06-08 15:16:02
medical_597,.txt,2365,2020-06-08 15:16:02
medical_60,.txt,1722,2020-06-08 15:16:02
medical_608,.txt,2635,2020-06-08 15:16:02
medical_610,.txt,442,2020-06-08 15:16:02
medical_619,.txt,162,2020-06-08 15:16:02
medical_624,.txt,948,2020-06-08 15:16:02
medical_625,.txt,696,2020-06-08 15:16:02
medical_631,.txt,1341,2020-06-08 15:16:02
medical_642,.txt,852,2020-06-08 15:16:02
medical_644,.txt,33871,2020-06-08 15:16:02
medical_645,.txt,31091,2020-06-08 15:16:02
medical_646,.txt,35422,2020-06-08 15:16:02
medical_660,.txt,2395,2020-06-08 15:16:02
medical_67,.txt,1162,2020-06-08 15:16:02
medical_672,.txt,384,2020-06-08 15:16:02
medical_677,.txt,590,2020-06-08 15:16:02
medical_679,.txt,1823,2020-06-08 15:16:02
medical_691,.txt,2451,2020-06-08 15:16:02
medical_692,.txt,780,2020-06-08 15:16:02
medical_694,.txt,6967,2020-06-08 15:16:02
medical_695,.txt,498,2020-06-08 15:16:02
politics_1,.txt,2601,2020-06-08 15:16:02
politics_10,.txt,1177,2020-06-08 15:16:02
politics_101,.txt,3449,2020-06-08 15:16:02
politics_111,.txt,5426,2020-06-08 15:16:02
politics_112,.txt,2171,2020-06-08 15:16:02
politics_114,.txt,1773,2020-06-08 15:16:02
politics_117,.txt,1538,2020-06-08 15:16:02
politics_119,.txt,2798,2020-06-08 15:16:02
politics_127,.txt,3625,2020-06-08 15:16:02
politics_128,.txt,3712,2020-06-08 15:16:02
politics_129,.txt,1378,2020-06-08 15:16:02
politics_130,.txt,2637,2020-06-08 15:16:02
politics_131,.txt,2161,2020-06-08 15:16:02
politics_134,.txt,2638,2020-06-08 15:16:02
politics_136,.txt,2804,2020-06-08 15:16:02
politics_137,.txt,3514,2020-06-08 15:16:02
politics_138,.txt,2474,2020-06-08 15:16:02
politics_139,.txt,1845,2020-06-08 15:16:02
politics_142,.txt,3213,2020-06-08 15:16:02
politics_144,.txt,1227,2020-06-08 15:16:02
politics_149,.txt,2437,2020-06-08 15:16:02
politics_15,.txt,1015,2020-06-08 15:16:02
politics_151,.txt,2712,2020-06-08 15:16:02
politics_153,.txt,2523,2020-06-08 15:16:02
politics_154,.txt,2873,2020-06-08 15:16:02
politics_155,.txt,2693,2020-06-08 15:16:02
politics_160,.txt,3135,2020-06-08 15:16:02
politics_168,.txt,3772,2020-06-08 15:16:02
politics_17,.txt,996,2020-06-08 15:16:02
politics_172,.txt,2462,2020-06-08 15:16:02
politics_173,.txt,2496,2020-06-08 15:16:02
politics_175,.txt,2384,2020-06-08 15:16:02
politics_180,.txt,3071,2020-06-08 15:16:02
politics_182,.txt,3388,2020-06-08 15:16:02
politics_188,.txt,1228,2020-06-08 15:16:02
politics_189,.txt,3195,2020-06-08 15:16:02
politics_19,.txt,3708,2020-06-08 15:16:02
politics_192,.txt,3514,2020-06-08 15:16:02
politics_193,.txt,3071,2020-06-08 15:16:02
politics_2,.txt,2326,2020-06-08 15:16:02
politics_20,.txt,3315,2020-06-08 15:16:02
politics_201,.txt,1982,2020-06-08 15:16:02
politics_204,.txt,2602,2020-06-08 15:16:02
politics_205,.txt,2632,2020-06-08 15:16:02
politics_208,.txt,1793,2020-06-08 15:16:02
politics_209,.txt,2114,2020-06-08 15:16:02
politics_21,.txt,2859,2020-06-08 15:16:02
politics_210,.txt,3056,2020-06-08 15:16:02
politics_211,.txt,3145,2020-06-08 15:16:02
politics_212,.txt,931,2020-06-08 15:16:02
politics_217,.txt,1685,2020-06-08 15:16:02
politics_220,.txt,2728,2020-06-08 15:16:02
politics_221,.txt,2959,2020-06-08 15:16:02
politics_222,.txt,1879,2020-06-08 15:16:02
politics_225,.txt,2389,2020-06-08 15:16:02
politics_226,.txt,1787,2020-06-08 15:16:02
politics_229,.txt,2920,2020-06-08 15:16:02
politics_230,.txt,2975,2020-06-08 15:16:02
politics_231,.txt,2439,2020-06-08 15:16:02
politics_232,.txt,1933,2020-06-08 15:16:02
politics_235,.txt,1034,2020-06-08 15:16:02
politics_236,.txt,963,2020-06-08 15:16:02
politics_237,.txt,960,2020-06-08 15:16:02
politics_239,.txt,2484,2020-06-08 15:16:02
politics_242,.txt,2770,2020-06-08 15:16:02
politics_247,.txt,1580,2020-06-08 15:16:02
politics_249,.txt,812,2020-06-08 15:16:02
politics_250,.txt,6637,2020-06-08 15:16:02
politics_262,.txt,2895,2020-06-08 15:16:02
politics_265,.txt,2142,2020-06-08 15:16:02
politics_266,.txt,1837,2020-06-08 15:16:02
politics_269,.txt,1046,2020-06-08 15:16:02
politics_271,.txt,3315,2020-06-08 15:16:02
politics_272,.txt,3182,2020-06-08 15:16:02
politics_273,.txt,2476,2020-06-08 15:16:02
politics_275,.txt,2513,2020-06-08 15:16:02
politics_277,.txt,1776,2020-06-08 15:16:02
politics_282,.txt,3433,2020-06-08 15:16:02
politics_283,.txt,2907,2020-06-08 15:16:02
politics_287,.txt,1538,2020-06-08 15:16:02
politics_288,.txt,1940,2020-06-08 15:16:02
politics_293,.txt,13829,2020-06-08 15:16:02
politics_294,.txt,1879,2020-06-08 15:16:02
politics_298,.txt,3011,2020-06-08 15:16:02
politics_301,.txt,3053,2020-06-08 15:16:02
politics_303,.txt,3537,2020-06-08 15:16:02
politics_307,.txt,1791,2020-06-08 15:16:02
politics_31,.txt,2842,2020-06-08 15:16:02
politics_313,.txt,2374,2020-06-08 15:16:02
politics_316,.txt,2526,2020-06-08 15:16:02
politics_317,.txt,2743,2020-06-08 15:16:02
politics_319,.txt,2826,2020-06-08 15:16:02
politics_321,.txt,1685,2020-06-08 15:16:02
politics_322,.txt,2761,2020-06-08 15:16:02
politics_325,.txt,1787,2020-06-08 15:16:02
politics_326,.txt,2450,2020-06-08 15:16:02
politics_329,.txt,936,2020-06-08 15:16:02
politics_335,.txt,2344,2020-06-08 15:16:02
politics_34,.txt,2647,2020-06-08 15:16:02
politics_357,.txt,2001,2020-06-08 15:16:02
space_1,.txt,1492,2020-06-08 15:16:02
space_10,.txt,844,2020-06-08 15:16:02
space_100,.txt,1534,2020-06-08 15:16:02
space_11,.txt,12256,2020-06-08 15:16:02
space_12,.txt,972,2020-06-08 15:16:02
space_13,.txt,1420,2020-06-08 15:16:02
space_14,.txt,18112,2020-06-08 15:16:02
space_15,.txt,434,2020-06-08 15:16:02
space_16,.txt,1380,2020-06-08 15:16:02
space_17,.txt,5781,2020-06-08 15:16:02
space_18,.txt,393,2020-06-08 15:16:02
space_19,.txt,10338,2020-06-08 15:16:02
space_2,.txt,531,2020-06-08 15:16:02
space_20,.txt,1364,2020-06-08 15:16:02
space_21,.txt,426,2020-06-08 15:16:02
space_22,.txt,1958,2020-06-08 15:16:02
space_23,.txt,218,2020-06-08 15:16:02
space_24,.txt,1781,2020-06-08 15:16:02
space_25,.txt,823,2020-06-08 15:16:02
space_26,.txt,744,2020-06-08 15:16:02
space_27,.txt,11868,2020-06-08 15:16:02
space_28,.txt,888,2020-06-08 15:16:02
space_29,.txt,1059,2020-06-08 15:16:02
space_3,.txt,966,2020-06-08 15:16:02
space_30,.txt,7364,2020-06-08 15:16:02
space_31,.txt,1129,2020-06-08 15:16:02
space_32,.txt,1459,2020-06-08 15:16:02
space_33,.txt,945,2020-06-08 15:16:02
space_34,.txt,269,2020-06-08 15:16:02
space_35,.txt,768,2020-06-08 15:16:02
space_36,.txt,1335,2020-06-08 15:16:02
space_37,.txt,188,2020-06-08 15:16:02
space_38,.txt,1061,2020-06-08 15:16:02
space_39,.txt,867,2020-06-08 15:16:02
space_4,.txt,6795,2020-06-08 15:16:02
space_40,.txt,13061,2020-06-08 15:16:02
space_41,.txt,1328,2020-06-08 15:16:02
space_42,.txt,445,2020-06-08 15:16:02
space_43,.txt,1877,2020-06-08 15:16:02
space_44,.txt,2564,2020-06-08 15:16:02
space_45,.txt,711,2020-06-08 15:16:02
space_46,.txt,580,2020-06-08 15:16:02
space_47,.txt,315,2020-06-08 15:16:02
space_48,.txt,336,2020-06-08 15:16:02
space_49,.txt,1019,2020-06-08 15:16:02
space_5,.txt,112,2020-06-08 15:16:02
space_50,.txt,1301,2020-06-08 15:16:02
space_51,.txt,685,2020-06-08 15:16:02
space_52,.txt,13691,2020-06-08 15:16:02
space_53,.txt,464,2020-06-08 15:16:02
space_54,.txt,25719,2020-06-08 15:16:02
space_55,.txt,364,2020-06-08 15:16:02
space_56,.txt,511,2020-06-08 15:16:02
space_57,.txt,565,2020-06-08 15:16:02
space_58,.txt,4560,2020-06-08 15:16:02
space_59,.txt,500,2020-06-08 15:16:02
space_6,.txt,23875,2020-06-08 15:16:02
space_60,.txt,684,2020-06-08 15:16:02
space_61,.txt,8600,2020-06-08 15:16:02
space_62,.txt,527,2020-06-08 15:16:02
space_63,.txt,1426,2020-06-08 15:16:02
space_64,.txt,1394,2020-06-08 15:16:02
space_65,.txt,3939,2020-06-08 15:16:02
space_66,.txt,1295,2020-06-08 15:16:02
space_67,.txt,1593,2020-06-08 15:16:02
space_68,.txt,1242,2020-06-08 15:16:02
space_69,.txt,517,2020-06-08 15:16:02
space_7,.txt,1191,2020-06-08 15:16:02
space_70,.txt,4570,2020-06-08 15:16:02
space_71,.txt,624,2020-06-08 15:16:02
space_72,.txt,1223,2020-06-08 15:16:02
space_73,.txt,12791,2020-06-08 15:16:02
space_74,.txt,552,2020-06-08 15:16:02
space_75,.txt,1419,2020-06-08 15:16:02
space_76,.txt,1219,2020-06-08 15:16:02
space_77,.txt,1703,2020-06-08 15:16:02
space_78,.txt,3396,2020-06-08 15:16:02
space_79,.txt,3320,2020-06-08 15:16:02
space_8,.txt,827,2020-06-08 15:16:02
space_80,.txt,512,2020-06-08 15:16:02
space_81,.txt,1060,2020-06-08 15:16:02
space_82,.txt,2130,2020-06-08 15:16:02
space_83,.txt,823,2020-06-08 15:16:02
space_84,.txt,10312,2020-06-08 15:16:02
space_85,.txt,2461,2020-06-08 15:16:02
space_86,.txt,1872,2020-06-08 15:16:02
space_87,.txt,4254,2020-06-08 15:16:02
space_88,.txt,2801,2020-06-08 15:16:02
space_89,.txt,1127,2020-06-08 15:16:02
space_9,.txt,10767,2020-06-08 15:16:02
space_90,.txt,559,2020-06-08 15:16:02
space_91,.txt,624,2020-06-08 15:16:02
space_92,.txt,595,2020-06-08 15:16:02
space_93,.txt,2064,2020-06-08 15:16:02
space_94,.txt,19170,2020-06-08 15:16:02
space_95,.txt,961,2020-06-08 15:16:02
space_96,.txt,388,2020-06-08 15:16:02
space_97,.txt,717,2020-06-08 15:16:02
space_98,.txt,1470,2020-06-08 15:16:02
space_99,.txt,3304,2020-06-08 15:16:02
sport_1,.txt,1238,2020-06-08 15:16:02
sport_10,.txt,1440,2020-06-08 15:16:02
sport_100,.txt,2039,2020-06-08 15:16:02
sport_11,.txt,1139,2020-06-08 15:16:02
sport_12,.txt,1300,2020-06-08 15:16:02
sport_13,.txt,1857,2020-06-08 15:16:02
sport_14,.txt,2796,2020-06-08 15:16:02
sport_15,.txt,882,2020-06-08 15:16:02
sport_16,.txt,1553,2020-06-08 15:16:02
sport_17,.txt,1549,2020-06-08 15:16:02
sport_18,.txt,1462,2020-06-08 15:16:02
sport_19,.txt,815,2020-06-08 15:16:02
sport_2,.txt,902,2020-06-08 15:16:02
sport_20,.txt,1300,2020-06-08 15:16:02
sport_21,.txt,1564,2020-06-08 15:16:02
sport_22,.txt,1253,2020-06-08 15:16:02
sport_23,.txt,2542,2020-06-08 15:16:02
sport_24,.txt,1005,2020-06-08 15:16:02
sport_25,.txt,1639,2020-06-08 15:16:02
sport_26,.txt,940,2020-06-08 15:16:02
sport_27,.txt,991,2020-06-08 15:16:02
sport_28,.txt,1811,2020-06-08 15:16:02
sport_29,.txt,859,2020-06-08 15:16:02
sport_3,.txt,2045,2020-06-08 15:16:02
sport_30,.txt,4255,2020-06-08 15:16:02
sport_31,.txt,840,2020-06-08 15:16:02
sport_32,.txt,1209,2020-06-08 15:16:02
sport_33,.txt,1585,2020-06-08 15:16:02
sport_34,.txt,5104,2020-06-08 15:16:02
sport_35,.txt,1900,2020-06-08 15:16:02
sport_36,.txt,1328,2020-06-08 15:16:02
sport_37,.txt,1635,2020-06-08 15:16:02
sport_38,.txt,2036,2020-06-08 15:16:02
sport_39,.txt,1000,2020-06-08 15:16:02
sport_4,.txt,1125,2020-06-08 15:16:02
sport_40,.txt,4281,2020-06-08 15:16:02
sport_41,.txt,1248,2020-06-08 15:16:02
sport_42,.txt,1289,2020-06-08 15:16:02
sport_43,.txt,3057,2020-06-08 15:16:02
sport_44,.txt,1536,2020-06-08 15:16:02
sport_45,.txt,1838,2020-06-08 15:16:02
sport_46,.txt,1171,2020-06-08 15:16:02
sport_47,.txt,1645,2020-06-08 15:16:02
sport_48,.txt,2620,2020-06-08 15:16:02
sport_49,.txt,2853,2020-06-08 15:16:02
sport_5,.txt,939,2020-06-08 15:16:02
sport_50,.txt,1571,2020-06-08 15:16:02
sport_51,.txt,1659,2020-06-08 15:16:02
sport_52,.txt,806,2020-06-08 15:16:02
sport_53,.txt,929,2020-06-08 15:16:02
sport_54,.txt,1839,2020-06-08 15:16:02
sport_55,.txt,1416,2020-06-08 15:16:02
sport_56,.txt,850,2020-06-08 15:16:02
sport_57,.txt,4392,2020-06-08 15:16:02
sport_58,.txt,4982,2020-06-08 15:16:02
sport_59,.txt,3640,2020-06-08 15:16:02
sport_6,.txt,811,2020-06-08 15:16:02
sport_60,.txt,2208,2020-06-08 15:16:02
sport_61,.txt,3884,2020-06-08 15:16:02
sport_62,.txt,1406,2020-06-08 15:16:02
sport_63,.txt,1614,2020-06-08 15:16:02
sport_64,.txt,1224,2020-06-08 15:16:02
sport_65,.txt,1567,2020-06-08 15:16:02
sport_66,.txt,4800,2020-06-08 15:16:02
sport_67,.txt,984,2020-06-08 15:16:02
sport_68,.txt,4023,2020-06-08 15:16:02
sport_69,.txt,4719,2020-06-08 15:16:02
sport_7,.txt,743,2020-06-08 15:16:02
sport_70,.txt,3712,2020-06-08 15:16:02
sport_71,.txt,1185,2020-06-08 15:16:02
sport_72,.txt,3132,2020-06-08 15:16:02
sport_73,.txt,1011,2020-06-08 15:16:02
sport_74,.txt,775,2020-06-08 15:16:02
sport_75,.txt,2899,2020-06-08 15:16:02
sport_76,.txt,1298,2020-06-08 15:16:02
sport_77,.txt,806,2020-06-08 15:16:02
sport_78,.txt,1001,2020-06-08 15:16:02
sport_79,.txt,1455,2020-06-08 15:16:02
sport_8,.txt,1287,2020-06-08 15:16:02
sport_80,.txt,1312,2020-06-08 15:16:02
sport_81,.txt,2170,2020-06-08 15:16:02
sport_82,.txt,2374,2020-06-08 15:16:02
sport_83,.txt,770,2020-06-08 15:16:02
sport_84,.txt,806,2020-06-08 15:16:02
sport_85,.txt,787,2020-06-08 15:16:02
sport_86,.txt,1027,2020-06-08 15:16:02
sport_87,.txt,1075,2020-06-08 15:16:02
sport_88,.txt,2861,2020-06-08 15:16:02
sport_89,.txt,1702,2020-06-08 15:16:02
sport_9,.txt,2234,2020-06-08 15:16:02
sport_90,.txt,1976,2020-06-08 15:16:02
sport_91,.txt,1852,2020-06-08 15:16:02
sport_92,.txt,859,2020-06-08 15:16:02
sport_93,.txt,4191,2020-06-08 15:16:02
sport_94,.txt,1264,2020-06-08 15:16:02
sport_95,.txt,3227,2020-06-08 15:16:02
sport_96,.txt,1455,2020-06-08 15:16:02
sport_97,.txt,2424,2020-06-08 15:16:02
sport_98,.txt,784,2020-06-08 15:16:02
sport_99,.txt,1374,2020-06-08 15:16:02
technologie_1,.txt,3842,2020-06-08 15:16:02
technologie_10,.txt,2939,2020-06-08 15:16:02
technologie_100,.txt,3897,2020-06-08 15:16:02
technologie_11,.txt,3371,2020-06-08 15:16:02
technologie_12,.txt,1551,2020-06-08 15:16:02
technologie_13,.txt,3524,2020-06-08 15:16:02
technologie_14,.txt,4885,2020-06-08 15:16:02
technologie_15,.txt,1701,2020-06-08 15:16:02
technologie_16,.txt,3964,2020-06-08 15:16:02
technologie_17,.txt,2951,2020-06-08 15:16:02
technologie_18,.txt,2210,2020-06-08 15:16:02
technologie_19,.txt,2876,2020-06-08 15:16:02
technologie_2,.txt,2208,2020-06-08 15:16:02
technologie_20,.txt,2802,2020-06-08 15:16:02
technologie_21,.txt,795,2020-06-08 15:16:02
technologie_22,.txt,1794,2020-06-08 15:16:02
technologie_23,.txt,2342,2020-06-08 15:16:02
technologie_24,.txt,1602,2020-06-08 15:16:02
technologie_25,.txt,1055,2020-06-08 15:16:02
technologie_26,.txt,2659,2020-06-08 15:16:02
technologie_27,.txt,3130,2020-06-08 15:16:02
technologie_28,.txt,1882,2020-06-08 15:16:02
technologie_29,.txt,2260,2020-06-08 15:16:02
technologie_3,.txt,1330,2020-06-08 15:16:02
technologie_30,.txt,441,2020-06-08 15:16:02
technologie_31,.txt,5220,2020-06-08 15:16:02
technologie_32,.txt,5104,2020-06-08 15:16:02
technologie_33,.txt,2095,2020-06-08 15:16:02
technologie_34,.txt,3397,2020-06-08 15:16:02
technologie_35,.txt,1154,2020-06-08 15:16:02
technologie_36,.txt,1330,2020-06-08 15:16:02
technologie_37,.txt,1528,2020-06-08 15:16:02
technologie_38,.txt,3811,2020-06-08 15:16:02
technologie_39,.txt,1300,2020-06-08 15:16:02
technologie_4,.txt,2575,2020-06-08 15:16:02
technologie_40,.txt,3245,2020-06-08 15:16:02
technologie_41,.txt,2881,2020-06-08 15:16:02
technologie_42,.txt,1546,2020-06-08 15:16:02
technologie_43,.txt,2162,2020-06-08 15:16:02
technologie_44,.txt,2131,2020-06-08 15:16:02
technologie_45,.txt,1490,2020-06-08 15:16:02
technologie_46,.txt,1976,2020-06-08 15:16:02
technologie_47,.txt,1835,2020-06-08 15:16:02
technologie_48,.txt,532,2020-06-08 15:16:02
technologie_49,.txt,2801,2020-06-08 15:16:02
technologie_5,.txt,4901,2020-06-08 15:16:02
technologie_50,.txt,2552,2020-06-08 15:16:02
technologie_51,.txt,951,2020-06-08 15:16:02
technologie_52,.txt,2575,2020-06-08 15:16:02
technologie_53,.txt,2598,2020-06-08 15:16:02
technologie_54,.txt,1534,2020-06-08 15:16:02
technologie_55,.txt,641,2020-06-08 15:16:02
technologie_56,.txt,2316,2020-06-08 15:16:02
technologie_57,.txt,507,2020-06-08 15:16:02
technologie_58,.txt,2027,2020-06-08 15:16:02
technologie_59,.txt,3921,2020-06-08 15:16:02
technologie_6,.txt,3931,2020-06-08 15:16:02
technologie_60,.txt,1734,2020-06-08 15:16:02
technologie_61,.txt,6282,2020-06-08 15:16:02
technologie_62,.txt,2482,2020-06-08 15:16:02
technologie_63,.txt,2579,2020-06-08 15:16:02
technologie_64,.txt,3857,2020-06-08 15:16:02
technologie_65,.txt,1946,2020-06-08 15:16:02
technologie_66,.txt,3071,2020-06-08 15:16:02
technologie_67,.txt,3564,2020-06-08 15:16:02
technologie_68,.txt,2380,2020-06-08 15:16:02
technologie_69,.txt,3271,2020-06-08 15:16:02
technologie_7,.txt,1741,2020-06-08 15:16:02
technologie_70,.txt,764,2020-06-08 15:16:02
technologie_71,.txt,2285,2020-06-08 15:16:02
technologie_72,.txt,5398,2020-06-08 15:16:02
technologie_73,.txt,3345,2020-06-08 15:16:02
technologie_74,.txt,6087,2020-06-08 15:16:02
technologie_75,.txt,1678,2020-06-08 15:16:02
technologie_76,.txt,2033,2020-06-08 15:16:02
technologie_77,.txt,3720,2020-06-08 15:16:02
technologie_78,.txt,4895,2020-06-08 15:16:02
technologie_79,.txt,2638,2020-06-08 15:16:02
technologie_8,.txt,1735,2020-06-08 15:16:02
technologie_80,.txt,1732,2020-06-08 15:16:02
technologie_81,.txt,2867,2020-06-08 15:16:02
technologie_82,.txt,2900,2020-06-08 15:16:02
technologie_83,.txt,2893,2020-06-08 15:16:02
technologie_84,.txt,2964,2020-06-08 15:16:02
technologie_85,.txt,2311,2020-06-08 15:16:02
technologie_86,.txt,2937,2020-06-08 15:16:02
technologie_87,.txt,3841,2020-06-08 15:16:02
technologie_88,.txt,2985,2020-06-08 15:16:02
technologie_89,.txt,2188,2020-06-08 15:16:02
technologie_9,.txt,7123,2020-06-08 15:16:02
technologie_90,.txt,1785,2020-06-08 15:16:02
technologie_91,.txt,2226,2020-06-08 15:16:02
technologie_92,.txt,1053,2020-06-08 15:16:02
technologie_93,.txt,4392,2020-06-08 15:16:02
technologie_94,.txt,3959,2020-06-08 15:16:02
technologie_95,.txt,5147,2020-06-08 15:16:02
technologie_96,.txt,1848,2020-06-08 15:16:02
technologie_97,.txt,2779,2020-06-08 15:16:02
technologie_98,.txt,2499,2020-06-08 15:16:02
technologie_99,.txt,4320,2020-06-08 15:16:02
